date,fuel,grade,formulation,price
2007-02-05,diesel,ultra_low_sulfur,,2.463
2007-02-05,diesel,low_sulfur,,2.379
2007-02-12,diesel,ultra_low_sulfur,,2.502
2007-02-12,diesel,low_sulfur,,2.42
2007-02-19,diesel,ultra_low_sulfur,,2.515
2007-02-19,diesel,low_sulfur,,2.437
2007-02-26,diesel,ultra_low_sulfur,,2.571
2007-02-26,diesel,low_sulfur,,2.505
2007-03-05,diesel,ultra_low_sulfur,,2.64
2007-03-05,diesel,low_sulfur,,2.584
2007-03-12,diesel,ultra_low_sulfur,,2.695
2007-03-12,diesel,low_sulfur,,2.657
2007-03-19,diesel,ultra_low_sulfur,,2.694
2007-03-19,diesel,low_sulfur,,2.644
2007-03-26,diesel,ultra_low_sulfur,,2.69
2007-03-26,diesel,low_sulfur,,2.634
2007-04-02,diesel,ultra_low_sulfur,,2.803
2007-04-02,diesel,low_sulfur,,2.751
2007-04-09,diesel,ultra_low_sulfur,,2.853
2007-04-09,diesel,low_sulfur,,2.799
2007-04-16,diesel,ultra_low_sulfur,,2.887
2007-04-16,diesel,low_sulfur,,2.845
2007-04-23,diesel,ultra_low_sulfur,,2.863
2007-04-23,diesel,low_sulfur,,2.811
2007-04-30,diesel,ultra_low_sulfur,,2.831
2007-04-30,diesel,low_sulfur,,2.746
2007-05-07,diesel,ultra_low_sulfur,,2.816
2007-05-07,diesel,low_sulfur,,2.716
2007-05-14,diesel,ultra_low_sulfur,,2.797
2007-05-14,diesel,low_sulfur,,2.695
2007-05-21,diesel,ultra_low_sulfur,,2.822
2007-05-21,diesel,low_sulfur,,2.74
2007-05-28,diesel,ultra_low_sulfur,,2.836
2007-05-28,diesel,low_sulfur,,2.752
2007-06-04,diesel,ultra_low_sulfur,,2.819
2007-06-04,diesel,low_sulfur,,2.732
2007-06-11,diesel,ultra_low_sulfur,,2.814
2007-06-11,diesel,low_sulfur,,2.716
2007-06-18,diesel,ultra_low_sulfur,,2.822
2007-06-18,diesel,low_sulfur,,2.748
2007-06-25,diesel,ultra_low_sulfur,,2.847
2007-06-25,diesel,low_sulfur,,2.786
2007-07-02,diesel,ultra_low_sulfur,,2.842
2007-07-02,diesel,low_sulfur,,2.779
2007-07-09,diesel,ultra_low_sulfur,,2.859
2007-07-09,diesel,low_sulfur,,2.809
2007-07-16,diesel,ultra_low_sulfur,,2.902
2007-07-16,diesel,low_sulfur,,2.834
2007-07-23,diesel,ultra_low_sulfur,,2.903
2007-07-23,diesel,low_sulfur,,2.829
2007-07-30,diesel,ultra_low_sulfur,,2.899
2007-07-30,diesel,low_sulfur,,2.831
2007-08-06,diesel,ultra_low_sulfur,,2.91
2007-08-06,diesel,low_sulfur,,2.846
2007-08-13,diesel,ultra_low_sulfur,,2.861
2007-08-13,diesel,low_sulfur,,2.79
2007-08-20,diesel,ultra_low_sulfur,,2.878
2007-08-20,diesel,low_sulfur,,2.826
2007-08-27,diesel,ultra_low_sulfur,,2.873
2007-08-27,diesel,low_sulfur,,2.821
2007-09-03,diesel,ultra_low_sulfur,,2.901
2007-09-03,diesel,low_sulfur,,2.859
2007-09-10,diesel,ultra_low_sulfur,,2.932
2007-09-10,diesel,low_sulfur,,2.891
2007-09-17,diesel,ultra_low_sulfur,,2.971
2007-09-17,diesel,low_sulfur,,2.934
2007-09-24,diesel,ultra_low_sulfur,,3.038
2007-09-24,diesel,low_sulfur,,3.008
2007-10-01,diesel,ultra_low_sulfur,,3.055
2007-10-01,diesel,low_sulfur,,3.017
2007-10-08,diesel,ultra_low_sulfur,,3.046
2007-10-08,diesel,low_sulfur,,2.985
2007-10-15,diesel,ultra_low_sulfur,,3.053
2007-10-15,diesel,low_sulfur,,2.976
2007-10-22,diesel,ultra_low_sulfur,,3.11
2007-10-22,diesel,low_sulfur,,3.023
2007-10-29,diesel,ultra_low_sulfur,,3.171
2007-10-29,diesel,low_sulfur,,3.095
2007-11-05,diesel,ultra_low_sulfur,,3.314
2007-11-05,diesel,low_sulfur,,3.257
2007-11-12,diesel,ultra_low_sulfur,,3.438
2007-11-12,diesel,low_sulfur,,3.368
2007-11-19,diesel,ultra_low_sulfur,,3.426
2007-11-19,diesel,low_sulfur,,3.333
2007-11-26,diesel,ultra_low_sulfur,,3.456
2007-11-26,diesel,low_sulfur,,3.382
2007-12-03,diesel,ultra_low_sulfur,,3.433
2007-12-03,diesel,low_sulfur,,3.33
2007-12-10,diesel,ultra_low_sulfur,,3.345
2007-12-10,diesel,low_sulfur,,3.219
2007-12-17,diesel,ultra_low_sulfur,,3.325
2007-12-17,diesel,low_sulfur,,3.211
2007-12-24,diesel,ultra_low_sulfur,,3.321
2007-12-24,diesel,low_sulfur,,3.225
2007-12-31,diesel,ultra_low_sulfur,,3.356
2007-12-31,diesel,low_sulfur,,3.272
2008-01-07,diesel,ultra_low_sulfur,,3.387
2008-01-07,diesel,low_sulfur,,3.301
2008-01-14,diesel,ultra_low_sulfur,,3.341
2008-01-14,diesel,low_sulfur,,3.229
2008-01-21,diesel,ultra_low_sulfur,,3.286
2008-01-21,diesel,low_sulfur,,3.169
2008-01-28,diesel,ultra_low_sulfur,,3.272
2008-01-28,diesel,low_sulfur,,3.171
2008-02-04,diesel,ultra_low_sulfur,,3.291
2008-02-04,diesel,low_sulfur,,3.207
2008-02-11,diesel,ultra_low_sulfur,,3.291
2008-02-11,diesel,low_sulfur,,3.203
2008-02-18,diesel,ultra_low_sulfur,,3.405
2008-02-18,diesel,low_sulfur,,3.335
2008-02-25,diesel,ultra_low_sulfur,,3.558
2008-02-25,diesel,low_sulfur,,3.511
2008-03-03,diesel,ultra_low_sulfur,,3.666
2008-03-03,diesel,low_sulfur,,3.597
2008-03-10,diesel,ultra_low_sulfur,,3.825
2008-03-10,diesel,low_sulfur,,3.774
2008-03-17,diesel,ultra_low_sulfur,,3.982
2008-03-17,diesel,low_sulfur,,3.924
2008-03-24,diesel,ultra_low_sulfur,,3.998
2008-03-24,diesel,low_sulfur,,3.932
2008-03-31,diesel,ultra_low_sulfur,,3.976
2008-03-31,diesel,low_sulfur,,3.885
2008-04-07,diesel,ultra_low_sulfur,,3.966
2008-04-07,diesel,low_sulfur,,3.875
2008-04-14,diesel,ultra_low_sulfur,,4.069
2008-04-14,diesel,low_sulfur,,3.987
2008-04-21,diesel,ultra_low_sulfur,,4.153
2008-04-21,diesel,low_sulfur,,4.069
2008-04-28,diesel,ultra_low_sulfur,,4.187
2008-04-28,diesel,low_sulfur,,4.098
2008-05-05,diesel,ultra_low_sulfur,,4.162
2008-05-05,diesel,low_sulfur,,4.049
2008-05-12,diesel,ultra_low_sulfur,,4.339
2008-05-12,diesel,low_sulfur,,4.264
2008-05-19,diesel,ultra_low_sulfur,,4.504
2008-05-19,diesel,low_sulfur,,4.446
2008-05-26,diesel,ultra_low_sulfur,,4.731
2008-05-26,diesel,low_sulfur,,4.659
2008-06-02,diesel,ultra_low_sulfur,,4.716
2008-06-02,diesel,low_sulfur,,4.636
2008-06-09,diesel,ultra_low_sulfur,,4.702
2008-06-09,diesel,low_sulfur,,4.61
2008-06-16,diesel,ultra_low_sulfur,,4.702
2008-06-16,diesel,low_sulfur,,4.606
2008-06-23,diesel,ultra_low_sulfur,,4.659
2008-06-23,diesel,low_sulfur,,4.552
2008-06-30,diesel,ultra_low_sulfur,,4.657
2008-06-30,diesel,low_sulfur,,4.554
2008-07-07,diesel,ultra_low_sulfur,,4.733
2008-07-07,diesel,low_sulfur,,4.676
2008-07-14,diesel,ultra_low_sulfur,,4.771
2008-07-14,diesel,low_sulfur,,4.707
2008-07-21,diesel,ultra_low_sulfur,,4.729
2008-07-21,diesel,low_sulfur,,4.629
2008-07-28,diesel,ultra_low_sulfur,,4.614
2008-07-28,diesel,low_sulfur,,4.512
2008-08-04,diesel,ultra_low_sulfur,,4.515
2008-08-04,diesel,low_sulfur,,4.395
2008-08-11,diesel,ultra_low_sulfur,,4.368
2008-08-11,diesel,low_sulfur,,4.24
2008-08-18,diesel,ultra_low_sulfur,,4.219
2008-08-18,diesel,low_sulfur,,4.102
2008-08-25,diesel,ultra_low_sulfur,,4.158
2008-08-25,diesel,low_sulfur,,4.039
2008-09-01,diesel,ultra_low_sulfur,,4.135
2008-09-01,diesel,low_sulfur,,4.015
2008-09-08,diesel,ultra_low_sulfur,,4.075
2008-09-08,diesel,low_sulfur,,3.936
2008-09-15,diesel,ultra_low_sulfur,,4.035
2008-09-15,diesel,low_sulfur,,3.933
2008-09-22,diesel,ultra_low_sulfur,,3.967
2008-09-22,diesel,low_sulfur,,3.885
2008-09-29,diesel,ultra_low_sulfur,,3.969
2008-09-29,diesel,low_sulfur,,3.887
2008-10-06,diesel,ultra_low_sulfur,,3.887
2008-10-06,diesel,low_sulfur,,3.781
2008-10-13,diesel,ultra_low_sulfur,,3.672
2008-10-13,diesel,low_sulfur,,3.558
2008-10-20,diesel,ultra_low_sulfur,,3.497
2008-10-20,diesel,low_sulfur,,3.358
2008-10-27,diesel,ultra_low_sulfur,,3.3
2008-10-27,diesel,low_sulfur,,3.189
2008-11-03,diesel,ultra_low_sulfur,,3.1
2008-11-03,diesel,low_sulfur,,2.994
2008-11-10,diesel,ultra_low_sulfur,,2.958
2008-11-10,diesel,low_sulfur,,2.829
2008-11-17,diesel,ultra_low_sulfur,,2.822
2008-11-17,diesel,low_sulfur,,2.699
2008-11-24,diesel,ultra_low_sulfur,,2.676
2008-11-24,diesel,low_sulfur,,2.571
2008-12-01,diesel,ultra_low_sulfur,,2.624
2008-12-01,diesel,low_sulfur,,2.544
2008-12-08,diesel,ultra_low_sulfur,,2.523
2008-12-15,diesel,ultra_low_sulfur,,2.43
2008-12-22,diesel,ultra_low_sulfur,,2.373
2008-12-29,diesel,ultra_low_sulfur,,2.335
2009-01-05,diesel,ultra_low_sulfur,,2.299
2009-01-12,diesel,ultra_low_sulfur,,2.324
2009-01-19,diesel,ultra_low_sulfur,,2.307
2009-01-26,diesel,ultra_low_sulfur,,2.278
2009-02-02,diesel,ultra_low_sulfur,,2.256
2009-02-09,diesel,ultra_low_sulfur,,2.23
2009-02-16,diesel,ultra_low_sulfur,,2.197
2009-02-23,diesel,ultra_low_sulfur,,2.138
2009-03-02,diesel,ultra_low_sulfur,,2.095
2009-03-09,diesel,ultra_low_sulfur,,2.051
2009-03-16,diesel,ultra_low_sulfur,,2.023
2009-03-23,diesel,ultra_low_sulfur,,2.093
2009-03-30,diesel,ultra_low_sulfur,,2.225
2009-04-06,diesel,ultra_low_sulfur,,2.233
2009-04-13,diesel,ultra_low_sulfur,,2.234
2009-04-20,diesel,ultra_low_sulfur,,2.226
2009-04-27,diesel,ultra_low_sulfur,,2.207
2009-05-04,diesel,ultra_low_sulfur,,2.192
2009-05-11,diesel,ultra_low_sulfur,,2.223
2009-05-18,diesel,ultra_low_sulfur,,2.237
2009-05-25,diesel,ultra_low_sulfur,,2.278
2009-06-01,diesel,ultra_low_sulfur,,2.354
2009-06-08,diesel,ultra_low_sulfur,,2.501
2009-06-15,diesel,ultra_low_sulfur,,2.575
2009-06-22,diesel,ultra_low_sulfur,,2.619
2009-06-29,diesel,ultra_low_sulfur,,2.612
2009-07-06,diesel,ultra_low_sulfur,,2.598
2009-07-13,diesel,ultra_low_sulfur,,2.546
2009-07-20,diesel,ultra_low_sulfur,,2.501
2009-07-27,diesel,ultra_low_sulfur,,2.532
2009-08-03,diesel,ultra_low_sulfur,,2.554
2009-08-10,diesel,ultra_low_sulfur,,2.628
2009-08-17,diesel,ultra_low_sulfur,,2.656
2009-08-24,diesel,ultra_low_sulfur,,2.672
2009-08-31,diesel,ultra_low_sulfur,,2.679
2009-09-07,diesel,ultra_low_sulfur,,2.65
2009-09-14,diesel,ultra_low_sulfur,,2.638
2009-09-21,diesel,ultra_low_sulfur,,2.626
2009-09-28,diesel,ultra_low_sulfur,,2.606
2009-10-05,diesel,ultra_low_sulfur,,2.588
2009-10-12,diesel,ultra_low_sulfur,,2.604
2009-10-19,diesel,ultra_low_sulfur,,2.708
2009-10-26,diesel,ultra_low_sulfur,,2.805
2009-11-02,diesel,ultra_low_sulfur,,2.811
2009-11-09,diesel,ultra_low_sulfur,,2.805
2009-11-16,diesel,ultra_low_sulfur,,2.795
2009-11-23,diesel,ultra_low_sulfur,,2.792
2009-11-30,diesel,ultra_low_sulfur,,2.78
2009-12-07,diesel,ultra_low_sulfur,,2.777
2009-12-14,diesel,ultra_low_sulfur,,2.753
2009-12-21,diesel,ultra_low_sulfur,,2.731
2009-12-28,diesel,ultra_low_sulfur,,2.736
2010-01-04,diesel,ultra_low_sulfur,,2.801
2010-01-11,diesel,ultra_low_sulfur,,2.882
2010-01-18,diesel,ultra_low_sulfur,,2.874
2010-01-25,diesel,ultra_low_sulfur,,2.838
2010-02-01,diesel,ultra_low_sulfur,,2.787
2010-02-08,diesel,ultra_low_sulfur,,2.775
2010-02-15,diesel,ultra_low_sulfur,,2.761
2010-02-22,diesel,ultra_low_sulfur,,2.834
2010-03-01,diesel,ultra_low_sulfur,,2.865
2010-03-08,diesel,ultra_low_sulfur,,2.906
2010-03-15,diesel,ultra_low_sulfur,,2.926
2010-03-22,diesel,ultra_low_sulfur,,2.949
2010-03-29,diesel,ultra_low_sulfur,,2.942
2010-04-05,diesel,ultra_low_sulfur,,3.017
2010-04-12,diesel,ultra_low_sulfur,,3.073
2010-04-19,diesel,ultra_low_sulfur,,3.078
2010-04-26,diesel,ultra_low_sulfur,,3.082
2010-05-03,diesel,ultra_low_sulfur,,3.126
2010-05-10,diesel,ultra_low_sulfur,,3.131
2010-05-17,diesel,ultra_low_sulfur,,3.098
2010-05-24,diesel,ultra_low_sulfur,,3.025
2010-05-31,diesel,ultra_low_sulfur,,2.983
2010-06-07,diesel,ultra_low_sulfur,,2.949
2010-06-14,diesel,ultra_low_sulfur,,2.93
2010-06-21,diesel,ultra_low_sulfur,,2.962
2010-06-28,diesel,ultra_low_sulfur,,2.957
2010-07-05,diesel,ultra_low_sulfur,,2.925
2010-07-12,diesel,ultra_low_sulfur,,2.904
2010-07-19,diesel,ultra_low_sulfur,,2.899
2010-07-26,diesel,ultra_low_sulfur,,2.919
2010-08-02,diesel,ultra_low_sulfur,,2.928
2010-08-09,diesel,ultra_low_sulfur,,2.991
2010-08-16,diesel,ultra_low_sulfur,,2.979
2010-08-23,diesel,ultra_low_sulfur,,2.957
2010-08-30,diesel,ultra_low_sulfur,,2.938
2010-09-06,diesel,ultra_low_sulfur,,2.931
2010-09-13,diesel,ultra_low_sulfur,,2.943
2010-09-20,diesel,ultra_low_sulfur,,2.96
2010-09-27,diesel,ultra_low_sulfur,,2.951
2010-10-04,diesel,ultra_low_sulfur,,3.0
2010-10-11,diesel,ultra_low_sulfur,,3.066
2010-10-18,diesel,ultra_low_sulfur,,3.073
2010-10-25,diesel,ultra_low_sulfur,,3.067
2010-11-01,diesel,ultra_low_sulfur,,3.067
2010-11-08,diesel,ultra_low_sulfur,,3.116
2010-11-15,diesel,ultra_low_sulfur,,3.184
2010-11-22,diesel,ultra_low_sulfur,,3.171
2010-11-29,diesel,ultra_low_sulfur,,3.162
2010-12-06,diesel,ultra_low_sulfur,,3.197
2010-12-13,diesel,ultra_low_sulfur,,3.231
2010-12-20,diesel,ultra_low_sulfur,,3.248
2010-12-27,diesel,ultra_low_sulfur,,3.294
2011-01-03,diesel,ultra_low_sulfur,,3.331
2011-01-10,diesel,ultra_low_sulfur,,3.333
2011-01-17,diesel,ultra_low_sulfur,,3.407
2011-01-24,diesel,ultra_low_sulfur,,3.43
2011-01-31,diesel,ultra_low_sulfur,,3.438
2011-02-07,diesel,ultra_low_sulfur,,3.513
2011-02-14,diesel,ultra_low_sulfur,,3.534
2011-02-21,diesel,ultra_low_sulfur,,3.573
2011-02-28,diesel,ultra_low_sulfur,,3.716
2011-03-07,diesel,ultra_low_sulfur,,3.871
2011-03-14,diesel,ultra_low_sulfur,,3.908
2011-03-21,diesel,ultra_low_sulfur,,3.907
2011-03-28,diesel,ultra_low_sulfur,,3.932
2011-04-04,diesel,ultra_low_sulfur,,3.976
2011-04-11,diesel,ultra_low_sulfur,,4.078
2011-04-18,diesel,ultra_low_sulfur,,4.105
2011-04-25,diesel,ultra_low_sulfur,,4.098
2011-05-02,diesel,ultra_low_sulfur,,4.124
2011-05-09,diesel,ultra_low_sulfur,,4.104
2011-05-16,diesel,ultra_low_sulfur,,4.061
2011-05-23,diesel,ultra_low_sulfur,,3.997
2011-05-30,diesel,ultra_low_sulfur,,3.948
2011-06-06,diesel,ultra_low_sulfur,,3.94
2011-06-13,diesel,ultra_low_sulfur,,3.954
2011-06-20,diesel,ultra_low_sulfur,,3.95
2011-06-27,diesel,ultra_low_sulfur,,3.888
2011-07-04,diesel,ultra_low_sulfur,,3.85
2011-07-11,diesel,ultra_low_sulfur,,3.899
2011-07-18,diesel,ultra_low_sulfur,,3.923
2011-07-25,diesel,ultra_low_sulfur,,3.949
2011-08-01,diesel,ultra_low_sulfur,,3.937
2011-08-08,diesel,ultra_low_sulfur,,3.897
2011-08-15,diesel,ultra_low_sulfur,,3.835
2011-08-22,diesel,ultra_low_sulfur,,3.81
2011-08-29,diesel,ultra_low_sulfur,,3.82
2011-09-05,diesel,ultra_low_sulfur,,3.868
2011-09-12,diesel,ultra_low_sulfur,,3.862
2011-09-19,diesel,ultra_low_sulfur,,3.833
2011-09-26,diesel,ultra_low_sulfur,,3.786
2011-10-03,diesel,ultra_low_sulfur,,3.749
2011-10-10,diesel,ultra_low_sulfur,,3.721
2011-10-17,diesel,ultra_low_sulfur,,3.801
2011-10-24,diesel,ultra_low_sulfur,,3.825
2011-10-31,diesel,ultra_low_sulfur,,3.892
2011-11-07,diesel,ultra_low_sulfur,,3.887
2011-11-14,diesel,ultra_low_sulfur,,3.987
2011-11-21,diesel,ultra_low_sulfur,,4.01
2011-11-28,diesel,ultra_low_sulfur,,3.964
2011-12-05,diesel,ultra_low_sulfur,,3.931
2011-12-12,diesel,ultra_low_sulfur,,3.894
2011-12-19,diesel,ultra_low_sulfur,,3.828
2011-12-26,diesel,ultra_low_sulfur,,3.791
2012-01-02,diesel,ultra_low_sulfur,,3.783
2012-01-09,diesel,ultra_low_sulfur,,3.828
2012-01-16,diesel,ultra_low_sulfur,,3.854
2012-01-23,diesel,ultra_low_sulfur,,3.848
2012-01-30,diesel,ultra_low_sulfur,,3.85
2012-02-06,diesel,ultra_low_sulfur,,3.856
2012-02-13,diesel,ultra_low_sulfur,,3.943
2012-02-20,diesel,ultra_low_sulfur,,3.96
2012-02-27,diesel,ultra_low_sulfur,,4.051
2012-03-05,diesel,ultra_low_sulfur,,4.094
2012-03-12,diesel,ultra_low_sulfur,,4.123
2012-03-19,diesel,ultra_low_sulfur,,4.142
2012-03-26,diesel,ultra_low_sulfur,,4.147
2012-04-02,diesel,ultra_low_sulfur,,4.142
2012-04-09,diesel,ultra_low_sulfur,,4.148
2012-04-16,diesel,ultra_low_sulfur,,4.127
2012-04-23,diesel,ultra_low_sulfur,,4.085
2012-04-30,diesel,ultra_low_sulfur,,4.073
2012-05-07,diesel,ultra_low_sulfur,,4.057
2012-05-14,diesel,ultra_low_sulfur,,4.004
2012-05-21,diesel,ultra_low_sulfur,,3.956
2012-05-28,diesel,ultra_low_sulfur,,3.897
2012-06-04,diesel,ultra_low_sulfur,,3.846
2012-06-11,diesel,ultra_low_sulfur,,3.781
2012-06-18,diesel,ultra_low_sulfur,,3.729
2012-06-25,diesel,ultra_low_sulfur,,3.678
2012-07-02,diesel,ultra_low_sulfur,,3.648
2012-07-09,diesel,ultra_low_sulfur,,3.683
2012-07-16,diesel,ultra_low_sulfur,,3.695
2012-07-23,diesel,ultra_low_sulfur,,3.783
2012-07-30,diesel,ultra_low_sulfur,,3.796
2012-08-06,diesel,ultra_low_sulfur,,3.85
2012-08-13,diesel,ultra_low_sulfur,,3.965
2012-08-20,diesel,ultra_low_sulfur,,4.026
2012-08-27,diesel,ultra_low_sulfur,,4.089
2012-09-03,diesel,ultra_low_sulfur,,4.127
2012-09-10,diesel,ultra_low_sulfur,,4.132
2012-09-17,diesel,ultra_low_sulfur,,4.135
2012-09-24,diesel,ultra_low_sulfur,,4.086
2012-10-01,diesel,ultra_low_sulfur,,4.079
2012-10-08,diesel,ultra_low_sulfur,,4.094
2012-10-15,diesel,ultra_low_sulfur,,4.15
2012-10-22,diesel,ultra_low_sulfur,,4.116
2012-10-29,diesel,ultra_low_sulfur,,4.03
2012-11-05,diesel,ultra_low_sulfur,,4.01
2012-11-12,diesel,ultra_low_sulfur,,3.98
2012-11-19,diesel,ultra_low_sulfur,,3.976
2012-11-26,diesel,ultra_low_sulfur,,4.034
2012-12-03,diesel,ultra_low_sulfur,,4.027
2012-12-10,diesel,ultra_low_sulfur,,3.991
2012-12-17,diesel,ultra_low_sulfur,,3.945
2012-12-24,diesel,ultra_low_sulfur,,3.923
2012-12-31,diesel,ultra_low_sulfur,,3.918
2013-01-07,diesel,ultra_low_sulfur,,3.911
2013-01-14,diesel,ultra_low_sulfur,,3.894
2013-01-21,diesel,ultra_low_sulfur,,3.902
2013-01-28,diesel,ultra_low_sulfur,,3.927
2013-02-04,diesel,ultra_low_sulfur,,4.022
2013-02-11,diesel,ultra_low_sulfur,,4.104
2013-02-18,diesel,ultra_low_sulfur,,4.157
2013-02-25,diesel,ultra_low_sulfur,,4.159
2013-03-04,diesel,ultra_low_sulfur,,4.13
2013-03-11,diesel,ultra_low_sulfur,,4.088
2013-03-18,diesel,ultra_low_sulfur,,4.047
2013-03-25,diesel,ultra_low_sulfur,,4.006
2013-04-01,diesel,ultra_low_sulfur,,3.993
2013-04-08,diesel,ultra_low_sulfur,,3.977
2013-04-15,diesel,ultra_low_sulfur,,3.942
2013-04-22,diesel,ultra_low_sulfur,,3.887
2013-04-29,diesel,ultra_low_sulfur,,3.851
2013-05-06,diesel,ultra_low_sulfur,,3.845
2013-05-13,diesel,ultra_low_sulfur,,3.866
2013-05-20,diesel,ultra_low_sulfur,,3.89
2013-05-27,diesel,ultra_low_sulfur,,3.88
2013-06-03,diesel,ultra_low_sulfur,,3.869
2013-06-10,diesel,ultra_low_sulfur,,3.849
2013-06-17,diesel,ultra_low_sulfur,,3.841
2013-06-24,diesel,ultra_low_sulfur,,3.838
2013-07-01,diesel,ultra_low_sulfur,,3.817
2013-07-08,diesel,ultra_low_sulfur,,3.828
2013-07-15,diesel,ultra_low_sulfur,,3.867
2013-07-22,diesel,ultra_low_sulfur,,3.903
2013-07-29,diesel,ultra_low_sulfur,,3.915
2013-08-05,diesel,ultra_low_sulfur,,3.909
2013-08-12,diesel,ultra_low_sulfur,,3.896
2013-08-19,diesel,ultra_low_sulfur,,3.9
2013-08-26,diesel,ultra_low_sulfur,,3.913
2013-09-02,diesel,ultra_low_sulfur,,3.981
2013-09-09,diesel,ultra_low_sulfur,,3.981
2013-09-16,diesel,ultra_low_sulfur,,3.974
2013-09-23,diesel,ultra_low_sulfur,,3.949
2013-09-30,diesel,ultra_low_sulfur,,3.919
2013-10-07,diesel,ultra_low_sulfur,,3.897
2013-10-14,diesel,ultra_low_sulfur,,3.886
2013-10-21,diesel,ultra_low_sulfur,,3.886
2013-10-28,diesel,ultra_low_sulfur,,3.87
2013-11-04,diesel,ultra_low_sulfur,,3.857
2013-11-11,diesel,ultra_low_sulfur,,3.832
2013-11-18,diesel,ultra_low_sulfur,,3.822
2013-11-25,diesel,ultra_low_sulfur,,3.844
2013-12-02,diesel,ultra_low_sulfur,,3.883
2013-12-09,diesel,ultra_low_sulfur,,3.879
2013-12-16,diesel,ultra_low_sulfur,,3.871
2013-12-23,diesel,ultra_low_sulfur,,3.873
2013-12-30,diesel,ultra_low_sulfur,,3.903
2014-01-06,diesel,ultra_low_sulfur,,3.91
2014-01-13,diesel,ultra_low_sulfur,,3.886
2014-01-20,diesel,ultra_low_sulfur,,3.873
2014-01-27,diesel,ultra_low_sulfur,,3.904
2014-02-03,diesel,ultra_low_sulfur,,3.951
2014-02-10,diesel,ultra_low_sulfur,,3.977
2014-02-17,diesel,ultra_low_sulfur,,3.989
2014-02-24,diesel,ultra_low_sulfur,,4.017
2014-03-03,diesel,ultra_low_sulfur,,4.016
2014-03-10,diesel,ultra_low_sulfur,,4.021
2014-03-17,diesel,ultra_low_sulfur,,4.003
2014-03-24,diesel,ultra_low_sulfur,,3.988
2014-03-31,diesel,ultra_low_sulfur,,3.975
2014-04-07,diesel,ultra_low_sulfur,,3.959
2014-04-14,diesel,ultra_low_sulfur,,3.952
2014-04-21,diesel,ultra_low_sulfur,,3.971
2014-04-28,diesel,ultra_low_sulfur,,3.975
2014-05-05,diesel,ultra_low_sulfur,,3.964
2014-05-12,diesel,ultra_low_sulfur,,3.948
2014-05-19,diesel,ultra_low_sulfur,,3.934
2014-05-26,diesel,ultra_low_sulfur,,3.925
2014-06-02,diesel,ultra_low_sulfur,,3.918
2014-06-09,diesel,ultra_low_sulfur,,3.892
2014-06-16,diesel,ultra_low_sulfur,,3.882
2014-06-23,diesel,ultra_low_sulfur,,3.919
2014-06-30,diesel,ultra_low_sulfur,,3.92
2014-07-07,diesel,ultra_low_sulfur,,3.913
2014-07-14,diesel,ultra_low_sulfur,,3.894
2014-07-21,diesel,ultra_low_sulfur,,3.869
2014-07-28,diesel,ultra_low_sulfur,,3.858
2014-08-04,diesel,ultra_low_sulfur,,3.853
2014-08-11,diesel,ultra_low_sulfur,,3.843
2014-08-18,diesel,ultra_low_sulfur,,3.835
2014-08-25,diesel,ultra_low_sulfur,,3.821
2014-09-01,diesel,ultra_low_sulfur,,3.814
2014-09-08,diesel,ultra_low_sulfur,,3.814
2014-09-15,diesel,ultra_low_sulfur,,3.801
2014-09-22,diesel,ultra_low_sulfur,,3.778
2014-09-29,diesel,ultra_low_sulfur,,3.755
2014-10-06,diesel,ultra_low_sulfur,,3.733
2014-10-13,diesel,ultra_low_sulfur,,3.698
2014-10-20,diesel,ultra_low_sulfur,,3.656
2014-10-27,diesel,ultra_low_sulfur,,3.635
2014-11-03,diesel,ultra_low_sulfur,,3.623
2014-11-10,diesel,ultra_low_sulfur,,3.677
2014-11-17,diesel,ultra_low_sulfur,,3.661
2014-11-24,diesel,ultra_low_sulfur,,3.628
2014-12-01,diesel,ultra_low_sulfur,,3.605
2014-12-08,diesel,ultra_low_sulfur,,3.535
2014-12-15,diesel,ultra_low_sulfur,,3.419
2014-12-22,diesel,ultra_low_sulfur,,3.281
2014-12-29,diesel,ultra_low_sulfur,,3.213
2015-01-05,diesel,ultra_low_sulfur,,3.137
2015-01-12,diesel,ultra_low_sulfur,,3.053
2015-01-19,diesel,ultra_low_sulfur,,2.933
2015-01-26,diesel,ultra_low_sulfur,,2.866
2015-02-02,diesel,ultra_low_sulfur,,2.831
2015-02-09,diesel,ultra_low_sulfur,,2.835
2015-02-16,diesel,ultra_low_sulfur,,2.865
2015-02-23,diesel,ultra_low_sulfur,,2.9
2015-03-02,diesel,ultra_low_sulfur,,2.936
2015-03-09,diesel,ultra_low_sulfur,,2.944
2015-03-16,diesel,ultra_low_sulfur,,2.917
2015-03-23,diesel,ultra_low_sulfur,,2.864
2015-03-30,diesel,ultra_low_sulfur,,2.824
2015-04-06,diesel,ultra_low_sulfur,,2.784
2015-04-13,diesel,ultra_low_sulfur,,2.754
2015-04-20,diesel,ultra_low_sulfur,,2.78
2015-04-27,diesel,ultra_low_sulfur,,2.811
2015-05-04,diesel,ultra_low_sulfur,,2.854
2015-05-11,diesel,ultra_low_sulfur,,2.878
2015-05-18,diesel,ultra_low_sulfur,,2.904
2015-05-25,diesel,ultra_low_sulfur,,2.914
2015-06-01,diesel,ultra_low_sulfur,,2.909
2015-06-08,diesel,ultra_low_sulfur,,2.884
2015-06-15,diesel,ultra_low_sulfur,,2.87
2015-06-22,diesel,ultra_low_sulfur,,2.859
2015-06-29,diesel,ultra_low_sulfur,,2.843
2015-07-06,diesel,ultra_low_sulfur,,2.832
2015-07-13,diesel,ultra_low_sulfur,,2.814
2015-07-20,diesel,ultra_low_sulfur,,2.782
2015-07-27,diesel,ultra_low_sulfur,,2.723
2015-08-03,diesel,ultra_low_sulfur,,2.668
2015-08-10,diesel,ultra_low_sulfur,,2.617
2015-08-17,diesel,ultra_low_sulfur,,2.615
2015-08-24,diesel,ultra_low_sulfur,,2.561
2015-08-31,diesel,ultra_low_sulfur,,2.514
2015-09-07,diesel,ultra_low_sulfur,,2.534
2015-09-14,diesel,ultra_low_sulfur,,2.517
2015-09-21,diesel,ultra_low_sulfur,,2.493
2015-09-28,diesel,ultra_low_sulfur,,2.476
2015-10-05,diesel,ultra_low_sulfur,,2.492
2015-10-12,diesel,ultra_low_sulfur,,2.556
2015-10-19,diesel,ultra_low_sulfur,,2.531
2015-10-26,diesel,ultra_low_sulfur,,2.498
2015-11-02,diesel,ultra_low_sulfur,,2.485
2015-11-09,diesel,ultra_low_sulfur,,2.502
2015-11-16,diesel,ultra_low_sulfur,,2.482
2015-11-23,diesel,ultra_low_sulfur,,2.445
2015-11-30,diesel,ultra_low_sulfur,,2.421
2015-12-07,diesel,ultra_low_sulfur,,2.379
2015-12-14,diesel,ultra_low_sulfur,,2.338
2015-12-21,diesel,ultra_low_sulfur,,2.284
2015-12-28,diesel,ultra_low_sulfur,,2.237
2016-01-04,diesel,ultra_low_sulfur,,2.211
2016-01-11,diesel,ultra_low_sulfur,,2.177
2016-01-18,diesel,ultra_low_sulfur,,2.112
2016-01-25,diesel,ultra_low_sulfur,,2.071
2016-02-01,diesel,ultra_low_sulfur,,2.031
2016-02-08,diesel,ultra_low_sulfur,,2.008
2016-02-15,diesel,ultra_low_sulfur,,1.98
2016-02-22,diesel,ultra_low_sulfur,,1.983
2016-02-29,diesel,ultra_low_sulfur,,1.989
2016-03-07,diesel,ultra_low_sulfur,,2.021
2016-03-14,diesel,ultra_low_sulfur,,2.099
2016-03-21,diesel,ultra_low_sulfur,,2.119
2016-03-28,diesel,ultra_low_sulfur,,2.121
2016-04-04,diesel,ultra_low_sulfur,,2.115
2016-04-11,diesel,ultra_low_sulfur,,2.128
2016-04-18,diesel,ultra_low_sulfur,,2.165
2016-04-25,diesel,ultra_low_sulfur,,2.198
2016-05-02,diesel,ultra_low_sulfur,,2.266
2016-05-09,diesel,ultra_low_sulfur,,2.271
2016-05-16,diesel,ultra_low_sulfur,,2.297
2016-05-23,diesel,ultra_low_sulfur,,2.357
2016-05-30,diesel,ultra_low_sulfur,,2.382
2016-06-06,diesel,ultra_low_sulfur,,2.407
2016-06-13,diesel,ultra_low_sulfur,,2.431
2016-06-20,diesel,ultra_low_sulfur,,2.426
2016-06-27,diesel,ultra_low_sulfur,,2.426
2016-07-04,diesel,ultra_low_sulfur,,2.423
2016-07-11,diesel,ultra_low_sulfur,,2.414
2016-07-18,diesel,ultra_low_sulfur,,2.402
2016-07-25,diesel,ultra_low_sulfur,,2.379
2016-08-01,diesel,ultra_low_sulfur,,2.348
2016-08-08,diesel,ultra_low_sulfur,,2.316
2016-08-15,diesel,ultra_low_sulfur,,2.31
2016-08-22,diesel,ultra_low_sulfur,,2.37
2016-08-29,diesel,ultra_low_sulfur,,2.409
2016-09-05,diesel,ultra_low_sulfur,,2.407
2016-09-12,diesel,ultra_low_sulfur,,2.399
2016-09-19,diesel,ultra_low_sulfur,,2.389
2016-09-26,diesel,ultra_low_sulfur,,2.382
2016-10-03,diesel,ultra_low_sulfur,,2.389
2016-10-10,diesel,ultra_low_sulfur,,2.445
2016-10-17,diesel,ultra_low_sulfur,,2.481
2016-10-24,diesel,ultra_low_sulfur,,2.478
2016-10-31,diesel,ultra_low_sulfur,,2.479
2016-11-07,diesel,ultra_low_sulfur,,2.47
2016-11-14,diesel,ultra_low_sulfur,,2.443
2016-11-21,diesel,ultra_low_sulfur,,2.421
2016-11-28,diesel,ultra_low_sulfur,,2.42
2016-12-05,diesel,ultra_low_sulfur,,2.48
2016-12-12,diesel,ultra_low_sulfur,,2.493
2016-12-19,diesel,ultra_low_sulfur,,2.527
2016-12-26,diesel,ultra_low_sulfur,,2.54
2017-01-02,diesel,ultra_low_sulfur,,2.586
2017-01-09,diesel,ultra_low_sulfur,,2.597
2017-01-16,diesel,ultra_low_sulfur,,2.585
2017-01-23,diesel,ultra_low_sulfur,,2.569
2017-01-30,diesel,ultra_low_sulfur,,2.562
2017-02-06,diesel,ultra_low_sulfur,,2.558
2017-02-13,diesel,ultra_low_sulfur,,2.565
2017-02-20,diesel,ultra_low_sulfur,,2.572
2017-02-27,diesel,ultra_low_sulfur,,2.577
2017-03-06,diesel,ultra_low_sulfur,,2.579
2017-03-13,diesel,ultra_low_sulfur,,2.564
2017-03-20,diesel,ultra_low_sulfur,,2.539
2017-03-27,diesel,ultra_low_sulfur,,2.532
2017-04-03,diesel,ultra_low_sulfur,,2.556
2017-04-10,diesel,ultra_low_sulfur,,2.582
2017-04-17,diesel,ultra_low_sulfur,,2.597
2017-04-24,diesel,ultra_low_sulfur,,2.595
2017-05-01,diesel,ultra_low_sulfur,,2.583
2017-05-08,diesel,ultra_low_sulfur,,2.565
2017-05-15,diesel,ultra_low_sulfur,,2.544
2017-05-22,diesel,ultra_low_sulfur,,2.539
2017-05-29,diesel,ultra_low_sulfur,,2.571
2017-06-05,diesel,ultra_low_sulfur,,2.564
2017-06-12,diesel,ultra_low_sulfur,,2.524
2017-06-19,diesel,ultra_low_sulfur,,2.489
2017-06-26,diesel,ultra_low_sulfur,,2.465
2017-07-03,diesel,ultra_low_sulfur,,2.472
2017-07-10,diesel,ultra_low_sulfur,,2.481
2017-07-17,diesel,ultra_low_sulfur,,2.491
2017-07-24,diesel,ultra_low_sulfur,,2.507
2017-07-31,diesel,ultra_low_sulfur,,2.531
2017-08-07,diesel,ultra_low_sulfur,,2.581
2017-08-14,diesel,ultra_low_sulfur,,2.598
2017-08-21,diesel,ultra_low_sulfur,,2.596
2017-08-28,diesel,ultra_low_sulfur,,2.605
2017-09-04,diesel,ultra_low_sulfur,,2.758
2017-09-11,diesel,ultra_low_sulfur,,2.802
2017-09-18,diesel,ultra_low_sulfur,,2.791
2017-09-25,diesel,ultra_low_sulfur,,2.788
2017-10-02,diesel,ultra_low_sulfur,,2.792
2017-10-09,diesel,ultra_low_sulfur,,2.776
2017-10-16,diesel,ultra_low_sulfur,,2.787
2017-10-23,diesel,ultra_low_sulfur,,2.797
2017-10-30,diesel,ultra_low_sulfur,,2.819
2017-11-06,diesel,ultra_low_sulfur,,2.882
2017-11-13,diesel,ultra_low_sulfur,,2.915
2017-11-20,diesel,ultra_low_sulfur,,2.912
2017-11-27,diesel,ultra_low_sulfur,,2.926
2017-12-04,diesel,ultra_low_sulfur,,2.922
2017-12-11,diesel,ultra_low_sulfur,,2.91
2017-12-18,diesel,ultra_low_sulfur,,2.901
2017-12-25,diesel,ultra_low_sulfur,,2.903
2018-01-01,diesel,ultra_low_sulfur,,2.973
2018-01-08,diesel,ultra_low_sulfur,,2.996
2018-01-15,diesel,ultra_low_sulfur,,3.028
2018-01-22,diesel,ultra_low_sulfur,,3.025
2018-01-29,diesel,ultra_low_sulfur,,3.07
2018-02-05,diesel,ultra_low_sulfur,,3.086
2018-02-12,diesel,ultra_low_sulfur,,3.063
2018-02-19,diesel,ultra_low_sulfur,,3.027
2018-02-26,diesel,ultra_low_sulfur,,3.007
2018-03-05,diesel,ultra_low_sulfur,,2.992
2018-03-12,diesel,ultra_low_sulfur,,2.976
2018-03-19,diesel,ultra_low_sulfur,,2.972
2018-03-26,diesel,ultra_low_sulfur,,3.01
2018-04-02,diesel,ultra_low_sulfur,,3.042
2018-04-09,diesel,ultra_low_sulfur,,3.043
2018-04-16,diesel,ultra_low_sulfur,,3.104
2018-04-23,diesel,ultra_low_sulfur,,3.133
2018-04-30,diesel,ultra_low_sulfur,,3.157
2018-05-07,diesel,ultra_low_sulfur,,3.171
2018-05-14,diesel,ultra_low_sulfur,,3.239
2018-05-21,diesel,ultra_low_sulfur,,3.277
2018-05-28,diesel,ultra_low_sulfur,,3.288
2018-06-04,diesel,ultra_low_sulfur,,3.285
2018-06-11,diesel,ultra_low_sulfur,,3.266
2018-06-18,diesel,ultra_low_sulfur,,3.244
2018-06-25,diesel,ultra_low_sulfur,,3.216
2018-07-02,diesel,ultra_low_sulfur,,3.236
2018-07-09,diesel,ultra_low_sulfur,,3.243
2018-07-16,diesel,ultra_low_sulfur,,3.239
2018-07-23,diesel,ultra_low_sulfur,,3.22
2018-07-30,diesel,ultra_low_sulfur,,3.226
2018-08-06,diesel,ultra_low_sulfur,,3.223
2018-08-13,diesel,ultra_low_sulfur,,3.217
2018-08-20,diesel,ultra_low_sulfur,,3.207
2018-08-27,diesel,ultra_low_sulfur,,3.226
2018-09-03,diesel,ultra_low_sulfur,,3.252
2018-09-10,diesel,ultra_low_sulfur,,3.258
2018-09-17,diesel,ultra_low_sulfur,,3.268
2018-09-24,diesel,ultra_low_sulfur,,3.271
2018-10-01,diesel,ultra_low_sulfur,,3.313
2018-10-08,diesel,ultra_low_sulfur,,3.385
2018-10-15,diesel,ultra_low_sulfur,,3.394
2018-10-22,diesel,ultra_low_sulfur,,3.38
2018-10-29,diesel,ultra_low_sulfur,,3.355
2018-11-05,diesel,ultra_low_sulfur,,3.338
2018-11-12,diesel,ultra_low_sulfur,,3.317
2018-11-19,diesel,ultra_low_sulfur,,3.282
2018-11-26,diesel,ultra_low_sulfur,,3.261
2018-12-03,diesel,ultra_low_sulfur,,3.207
2018-12-10,diesel,ultra_low_sulfur,,3.161
2018-12-17,diesel,ultra_low_sulfur,,3.121
2018-12-24,diesel,ultra_low_sulfur,,3.077
2018-12-31,diesel,ultra_low_sulfur,,3.048
2019-01-07,diesel,ultra_low_sulfur,,3.013
2019-01-14,diesel,ultra_low_sulfur,,2.976
2019-01-21,diesel,ultra_low_sulfur,,2.965
2019-01-28,diesel,ultra_low_sulfur,,2.965
2019-02-04,diesel,ultra_low_sulfur,,2.966
2019-02-11,diesel,ultra_low_sulfur,,2.966
2019-02-18,diesel,ultra_low_sulfur,,3.006
2019-02-25,diesel,ultra_low_sulfur,,3.048
2019-03-04,diesel,ultra_low_sulfur,,3.076
2019-03-11,diesel,ultra_low_sulfur,,3.079
2019-03-18,diesel,ultra_low_sulfur,,3.07
2019-03-25,diesel,ultra_low_sulfur,,3.08
2019-04-01,diesel,ultra_low_sulfur,,3.078
2019-04-08,diesel,ultra_low_sulfur,,3.093
2019-04-15,diesel,ultra_low_sulfur,,3.118
2019-04-22,diesel,ultra_low_sulfur,,3.147
2019-04-29,diesel,ultra_low_sulfur,,3.169
2019-05-06,diesel,ultra_low_sulfur,,3.171
2019-05-13,diesel,ultra_low_sulfur,,3.16
2019-05-20,diesel,ultra_low_sulfur,,3.163
2019-05-27,diesel,ultra_low_sulfur,,3.151
2019-06-03,diesel,ultra_low_sulfur,,3.136
2019-06-10,diesel,ultra_low_sulfur,,3.105
2019-06-17,diesel,ultra_low_sulfur,,3.07
2019-06-24,diesel,ultra_low_sulfur,,3.043
2019-07-01,diesel,ultra_low_sulfur,,3.042
2019-07-08,diesel,ultra_low_sulfur,,3.055
2019-07-15,diesel,ultra_low_sulfur,,3.051
2019-07-22,diesel,ultra_low_sulfur,,3.044
2019-07-29,diesel,ultra_low_sulfur,,3.034
2019-08-05,diesel,ultra_low_sulfur,,3.032
2019-08-12,diesel,ultra_low_sulfur,,3.011
2019-08-19,diesel,ultra_low_sulfur,,2.994
2019-08-26,diesel,ultra_low_sulfur,,2.983
2019-09-02,diesel,ultra_low_sulfur,,2.976
2019-09-09,diesel,ultra_low_sulfur,,2.971
2019-09-16,diesel,ultra_low_sulfur,,2.987
2019-09-23,diesel,ultra_low_sulfur,,3.081
2019-09-30,diesel,ultra_low_sulfur,,3.066
2019-10-07,diesel,ultra_low_sulfur,,3.047
2019-10-14,diesel,ultra_low_sulfur,,3.051
2019-10-21,diesel,ultra_low_sulfur,,3.05
2019-10-28,diesel,ultra_low_sulfur,,3.064
2019-11-04,diesel,ultra_low_sulfur,,3.062
2019-11-11,diesel,ultra_low_sulfur,,3.073
2019-11-18,diesel,ultra_low_sulfur,,3.074
2019-11-25,diesel,ultra_low_sulfur,,3.066
2019-12-02,diesel,ultra_low_sulfur,,3.07
2019-12-09,diesel,ultra_low_sulfur,,3.049
2019-12-16,diesel,ultra_low_sulfur,,3.046
2019-12-23,diesel,ultra_low_sulfur,,3.041
2019-12-30,diesel,ultra_low_sulfur,,3.069
2020-01-06,diesel,ultra_low_sulfur,,3.079
2020-01-13,diesel,ultra_low_sulfur,,3.064
2020-01-20,diesel,ultra_low_sulfur,,3.037
2020-01-27,diesel,ultra_low_sulfur,,3.01
2020-02-03,diesel,ultra_low_sulfur,,2.956
2020-02-10,diesel,ultra_low_sulfur,,2.91
2020-02-17,diesel,ultra_low_sulfur,,2.89
2020-02-24,diesel,ultra_low_sulfur,,2.882
2020-03-02,diesel,ultra_low_sulfur,,2.851
2020-03-09,diesel,ultra_low_sulfur,,2.814
2020-03-16,diesel,ultra_low_sulfur,,2.733
2020-03-23,diesel,ultra_low_sulfur,,2.659
2020-03-30,diesel,ultra_low_sulfur,,2.586
2020-04-06,diesel,ultra_low_sulfur,,2.548
2020-04-13,diesel,ultra_low_sulfur,,2.507
2020-04-20,diesel,ultra_low_sulfur,,2.48
2020-04-27,diesel,ultra_low_sulfur,,2.437
2020-05-04,diesel,ultra_low_sulfur,,2.399
2020-05-11,diesel,ultra_low_sulfur,,2.394
2020-05-18,diesel,ultra_low_sulfur,,2.386
2020-05-25,diesel,ultra_low_sulfur,,2.39
2020-06-01,diesel,ultra_low_sulfur,,2.386
2020-06-08,diesel,ultra_low_sulfur,,2.396
2020-06-15,diesel,ultra_low_sulfur,,2.403
2020-06-22,diesel,ultra_low_sulfur,,2.425
2020-06-29,diesel,ultra_low_sulfur,,2.43
2020-07-06,diesel,ultra_low_sulfur,,2.437
2020-07-13,diesel,ultra_low_sulfur,,2.438
2020-07-20,diesel,ultra_low_sulfur,,2.433
2020-07-27,diesel,ultra_low_sulfur,,2.427
2020-08-03,diesel,ultra_low_sulfur,,2.424
2020-08-10,diesel,ultra_low_sulfur,,2.428
2020-08-17,diesel,ultra_low_sulfur,,2.427
2020-08-24,diesel,ultra_low_sulfur,,2.426
2020-08-31,diesel,ultra_low_sulfur,,2.441
2020-09-07,diesel,ultra_low_sulfur,,2.435
2020-09-14,diesel,ultra_low_sulfur,,2.422
2020-09-21,diesel,ultra_low_sulfur,,2.404
2020-09-28,diesel,ultra_low_sulfur,,2.394
2020-10-05,diesel,ultra_low_sulfur,,2.387
2020-10-12,diesel,ultra_low_sulfur,,2.395
2020-10-19,diesel,ultra_low_sulfur,,2.388
2020-10-26,diesel,ultra_low_sulfur,,2.385
2020-11-02,diesel,ultra_low_sulfur,,2.372
2020-11-09,diesel,ultra_low_sulfur,,2.383
2020-11-16,diesel,ultra_low_sulfur,,2.441
2020-11-23,diesel,ultra_low_sulfur,,2.462
2020-11-30,diesel,ultra_low_sulfur,,2.502
2020-12-07,diesel,ultra_low_sulfur,,2.526
2020-12-14,diesel,ultra_low_sulfur,,2.559
2020-12-21,diesel,ultra_low_sulfur,,2.619
2020-12-28,diesel,ultra_low_sulfur,,2.635
2021-01-04,diesel,ultra_low_sulfur,,2.64
2021-01-11,diesel,ultra_low_sulfur,,2.67
2021-01-18,diesel,ultra_low_sulfur,,2.696
2021-01-25,diesel,ultra_low_sulfur,,2.716
2021-02-01,diesel,ultra_low_sulfur,,2.738
2021-02-08,diesel,ultra_low_sulfur,,2.801
2021-02-15,diesel,ultra_low_sulfur,,2.876
2021-02-22,diesel,ultra_low_sulfur,,2.973
2021-03-01,diesel,ultra_low_sulfur,,3.072
2021-03-08,diesel,ultra_low_sulfur,,3.143
2021-03-15,diesel,ultra_low_sulfur,,3.191
2021-03-22,diesel,ultra_low_sulfur,,3.194
2021-03-29,diesel,ultra_low_sulfur,,3.161
2021-04-05,diesel,ultra_low_sulfur,,3.144
2021-04-12,diesel,ultra_low_sulfur,,3.129
2021-04-19,diesel,ultra_low_sulfur,,3.124
2021-04-26,diesel,ultra_low_sulfur,,3.124
2021-05-03,diesel,ultra_low_sulfur,,3.142
2021-05-10,diesel,ultra_low_sulfur,,3.186
2021-05-17,diesel,ultra_low_sulfur,,3.249
2021-05-24,diesel,ultra_low_sulfur,,3.253
2021-05-31,diesel,ultra_low_sulfur,,3.255
2021-06-07,diesel,ultra_low_sulfur,,3.274
2021-06-14,diesel,ultra_low_sulfur,,3.286
2021-06-21,diesel,ultra_low_sulfur,,3.287
2021-06-28,diesel,ultra_low_sulfur,,3.3
2021-07-05,diesel,ultra_low_sulfur,,3.331
2021-07-12,diesel,ultra_low_sulfur,,3.338
2021-07-19,diesel,ultra_low_sulfur,,3.344
2021-07-26,diesel,ultra_low_sulfur,,3.342
2021-08-02,diesel,ultra_low_sulfur,,3.367
2021-08-09,diesel,ultra_low_sulfur,,3.364
2021-08-16,diesel,ultra_low_sulfur,,3.356
2021-08-23,diesel,ultra_low_sulfur,,3.324
2021-08-30,diesel,ultra_low_sulfur,,3.339
2021-09-06,diesel,ultra_low_sulfur,,3.373
2021-09-13,diesel,ultra_low_sulfur,,3.372
2021-09-20,diesel,ultra_low_sulfur,,3.385
2021-09-27,diesel,ultra_low_sulfur,,3.406
2021-10-04,diesel,ultra_low_sulfur,,3.477
2021-10-11,diesel,ultra_low_sulfur,,3.586
2021-10-18,diesel,ultra_low_sulfur,,3.671
2021-10-25,diesel,ultra_low_sulfur,,3.713
2021-11-01,diesel,ultra_low_sulfur,,3.727
2021-11-08,diesel,ultra_low_sulfur,,3.73
2021-11-15,diesel,ultra_low_sulfur,,3.734
2021-11-22,diesel,ultra_low_sulfur,,3.724
2021-11-29,diesel,ultra_low_sulfur,,3.72
2021-12-06,diesel,ultra_low_sulfur,,3.674
2021-12-13,diesel,ultra_low_sulfur,,3.649
2021-12-20,diesel,ultra_low_sulfur,,3.626
2021-12-27,diesel,ultra_low_sulfur,,3.615
2022-01-03,diesel,ultra_low_sulfur,,3.613
2022-01-10,diesel,ultra_low_sulfur,,3.657
2022-01-17,diesel,ultra_low_sulfur,,3.725
2022-01-24,diesel,ultra_low_sulfur,,3.78
2022-01-31,diesel,ultra_low_sulfur,,3.846
2022-02-07,diesel,ultra_low_sulfur,,3.951
2022-02-14,diesel,ultra_low_sulfur,,4.019
2022-02-21,diesel,ultra_low_sulfur,,4.055
2022-02-28,diesel,ultra_low_sulfur,,4.104
2022-03-07,diesel,ultra_low_sulfur,,4.849
2022-03-14,diesel,ultra_low_sulfur,,5.25
2022-03-21,diesel,ultra_low_sulfur,,5.134
2022-03-28,diesel,ultra_low_sulfur,,5.185
2022-04-04,diesel,ultra_low_sulfur,,5.144
2022-04-11,diesel,ultra_low_sulfur,,5.073
2022-04-18,diesel,ultra_low_sulfur,,5.101
2022-04-25,diesel,ultra_low_sulfur,,5.16
2022-05-02,diesel,ultra_low_sulfur,,5.509
2022-05-09,diesel,ultra_low_sulfur,,5.623
2022-05-16,diesel,ultra_low_sulfur,,5.613
2022-05-23,diesel,ultra_low_sulfur,,5.571
2022-05-30,diesel,ultra_low_sulfur,,5.539
2022-06-06,diesel,ultra_low_sulfur,,5.703
2022-06-13,diesel,ultra_low_sulfur,,5.718
2022-06-20,diesel,ultra_low_sulfur,,5.81
2022-06-27,diesel,ultra_low_sulfur,,5.783
2022-07-04,diesel,ultra_low_sulfur,,5.675
2022-07-11,diesel,ultra_low_sulfur,,5.568
2022-07-18,diesel,ultra_low_sulfur,,5.432
2022-07-25,diesel,ultra_low_sulfur,,5.268
2022-08-01,diesel,ultra_low_sulfur,,5.138
2022-08-08,diesel,ultra_low_sulfur,,4.993
2022-08-15,diesel,ultra_low_sulfur,,4.911
2022-08-22,diesel,ultra_low_sulfur,,4.909
2022-08-29,diesel,ultra_low_sulfur,,5.115
2022-09-05,diesel,ultra_low_sulfur,,5.084
2022-09-12,diesel,ultra_low_sulfur,,5.033
2022-09-19,diesel,ultra_low_sulfur,,4.964
2022-09-26,diesel,ultra_low_sulfur,,4.889
2022-10-03,diesel,ultra_low_sulfur,,4.836
2022-10-10,diesel,ultra_low_sulfur,,5.224
2022-10-17,diesel,ultra_low_sulfur,,5.339
2022-10-24,diesel,ultra_low_sulfur,,5.341
2022-10-31,diesel,ultra_low_sulfur,,5.317
2022-11-07,diesel,ultra_low_sulfur,,5.333
2022-11-14,diesel,ultra_low_sulfur,,5.313
2022-11-21,diesel,ultra_low_sulfur,,5.233
2022-11-28,diesel,ultra_low_sulfur,,5.141
2022-12-05,diesel,ultra_low_sulfur,,4.967
2022-12-12,diesel,ultra_low_sulfur,,4.754
2022-12-19,diesel,ultra_low_sulfur,,4.596
2022-12-26,diesel,ultra_low_sulfur,,4.537
2023-01-02,diesel,ultra_low_sulfur,,4.583
2023-01-09,diesel,ultra_low_sulfur,,4.549
2023-01-16,diesel,ultra_low_sulfur,,4.524
2023-01-23,diesel,ultra_low_sulfur,,4.604
2023-01-30,diesel,ultra_low_sulfur,,4.622
2023-02-06,diesel,ultra_low_sulfur,,4.539
2023-02-13,diesel,ultra_low_sulfur,,4.444
2023-02-20,diesel,ultra_low_sulfur,,4.376
2023-02-27,diesel,ultra_low_sulfur,,4.294
2023-03-06,diesel,ultra_low_sulfur,,4.282
2023-03-13,diesel,ultra_low_sulfur,,4.247
2023-03-20,diesel,ultra_low_sulfur,,4.185
2023-03-27,diesel,ultra_low_sulfur,,4.128
2023-04-03,diesel,ultra_low_sulfur,,4.105
2023-04-10,diesel,ultra_low_sulfur,,4.098
2023-04-17,diesel,ultra_low_sulfur,,4.116
2023-04-24,diesel,ultra_low_sulfur,,4.077
2023-05-01,diesel,ultra_low_sulfur,,4.018
2023-05-08,diesel,ultra_low_sulfur,,3.922
2023-05-15,diesel,ultra_low_sulfur,,3.897
2023-05-22,diesel,ultra_low_sulfur,,3.883
2023-05-29,diesel,ultra_low_sulfur,,3.855
2023-06-05,diesel,ultra_low_sulfur,,3.797
2023-06-12,diesel,ultra_low_sulfur,,3.794
2023-06-19,diesel,ultra_low_sulfur,,3.815
2023-06-26,diesel,ultra_low_sulfur,,3.801
2023-07-03,diesel,ultra_low_sulfur,,3.767
2023-07-10,diesel,ultra_low_sulfur,,3.806
2023-07-17,diesel,ultra_low_sulfur,,3.806
2023-07-24,diesel,ultra_low_sulfur,,3.905
2023-07-31,diesel,ultra_low_sulfur,,4.127
2023-08-07,diesel,ultra_low_sulfur,,4.239
2023-08-14,diesel,ultra_low_sulfur,,4.378
2023-08-21,diesel,ultra_low_sulfur,,4.389
2023-08-28,diesel,ultra_low_sulfur,,4.475
2023-09-04,diesel,ultra_low_sulfur,,4.492
2023-09-11,diesel,ultra_low_sulfur,,4.54
2023-09-18,diesel,ultra_low_sulfur,,4.633
2023-09-25,diesel,ultra_low_sulfur,,4.586
2023-10-02,diesel,ultra_low_sulfur,,4.593
2023-10-09,diesel,ultra_low_sulfur,,4.498
2023-10-16,diesel,ultra_low_sulfur,,4.444
2023-10-23,diesel,ultra_low_sulfur,,4.545
2023-10-30,diesel,ultra_low_sulfur,,4.454
2023-11-06,diesel,ultra_low_sulfur,,4.366
2023-11-13,diesel,ultra_low_sulfur,,4.294
2023-11-20,diesel,ultra_low_sulfur,,4.209
2023-11-27,diesel,ultra_low_sulfur,,4.146
2023-12-04,diesel,ultra_low_sulfur,,4.092
2023-12-11,diesel,ultra_low_sulfur,,3.987
2023-12-18,diesel,ultra_low_sulfur,,3.894
2023-12-25,diesel,ultra_low_sulfur,,3.914
2024-01-01,diesel,ultra_low_sulfur,,3.876
2024-01-08,diesel,ultra_low_sulfur,,3.828
2024-01-15,diesel,ultra_low_sulfur,,3.863
2024-01-22,diesel,ultra_low_sulfur,,3.838
2024-01-29,diesel,ultra_low_sulfur,,3.867
2024-02-05,diesel,ultra_low_sulfur,,3.899
2024-02-12,diesel,ultra_low_sulfur,,4.109
2024-02-19,diesel,ultra_low_sulfur,,4.109
2024-02-26,diesel,ultra_low_sulfur,,4.058
2024-03-04,diesel,ultra_low_sulfur,,4.022
2024-03-11,diesel,ultra_low_sulfur,,4.004
2024-03-18,diesel,ultra_low_sulfur,,4.028
2024-03-25,diesel,ultra_low_sulfur,,4.034
2024-04-01,diesel,ultra_low_sulfur,,3.996
2024-04-08,diesel,ultra_low_sulfur,,4.061
2024-04-15,diesel,ultra_low_sulfur,,4.015
2024-04-22,diesel,ultra_low_sulfur,,3.992
2024-04-29,diesel,ultra_low_sulfur,,3.947
2024-05-06,diesel,ultra_low_sulfur,,3.894
2024-05-13,diesel,ultra_low_sulfur,,3.848
2024-05-20,diesel,ultra_low_sulfur,,3.789
2024-05-27,diesel,ultra_low_sulfur,,3.758
2024-06-03,diesel,ultra_low_sulfur,,3.726
2024-06-10,diesel,ultra_low_sulfur,,3.658
2024-06-17,diesel,ultra_low_sulfur,,3.735
2024-06-24,diesel,ultra_low_sulfur,,3.769
2024-07-01,diesel,ultra_low_sulfur,,3.813
2024-07-08,diesel,ultra_low_sulfur,,3.865
2024-07-15,diesel,ultra_low_sulfur,,3.826
2024-07-22,diesel,ultra_low_sulfur,,3.779
2024-07-29,diesel,ultra_low_sulfur,,3.768
2024-08-05,diesel,ultra_low_sulfur,,3.755
2024-08-12,diesel,ultra_low_sulfur,,3.704
2024-08-19,diesel,ultra_low_sulfur,,3.688
2024-08-26,diesel,ultra_low_sulfur,,3.651
2024-09-02,diesel,ultra_low_sulfur,,3.625
2024-09-09,diesel,ultra_low_sulfur,,3.555
2024-09-16,diesel,ultra_low_sulfur,,3.526
2024-09-23,diesel,ultra_low_sulfur,,3.539
2024-09-30,diesel,ultra_low_sulfur,,3.544
2024-10-07,diesel,ultra_low_sulfur,,3.584
2024-10-14,diesel,ultra_low_sulfur,,3.631
2024-10-21,diesel,ultra_low_sulfur,,3.553
2024-10-28,diesel,ultra_low_sulfur,,3.573
2024-11-04,diesel,ultra_low_sulfur,,3.536
2024-11-11,diesel,ultra_low_sulfur,,3.521
2024-11-18,diesel,ultra_low_sulfur,,3.491
2024-11-25,diesel,ultra_low_sulfur,,3.539
2024-12-02,diesel,ultra_low_sulfur,,3.54
2024-12-09,diesel,ultra_low_sulfur,,3.458
2024-12-16,diesel,ultra_low_sulfur,,3.494
2024-12-23,diesel,ultra_low_sulfur,,3.476
2024-12-30,diesel,ultra_low_sulfur,,3.503
2025-01-06,diesel,ultra_low_sulfur,,3.561
2025-01-13,diesel,ultra_low_sulfur,,3.602
2025-01-20,diesel,ultra_low_sulfur,,3.715
2025-01-27,diesel,ultra_low_sulfur,,3.659
2025-02-03,diesel,ultra_low_sulfur,,3.66
2025-02-10,diesel,ultra_low_sulfur,,3.665
2025-02-17,diesel,ultra_low_sulfur,,3.677
2025-02-24,diesel,ultra_low_sulfur,,3.697
2025-03-03,diesel,ultra_low_sulfur,,3.635
2025-03-10,diesel,ultra_low_sulfur,,3.582
2025-03-17,diesel,ultra_low_sulfur,,3.549
2025-03-24,diesel,ultra_low_sulfur,,3.567
2025-03-31,diesel,ultra_low_sulfur,,3.592
2025-04-07,diesel,ultra_low_sulfur,,3.639
2025-04-14,diesel,ultra_low_sulfur,,3.579
2025-04-21,diesel,ultra_low_sulfur,,3.534
2025-04-28,diesel,ultra_low_sulfur,,3.514
2025-05-05,diesel,ultra_low_sulfur,,3.497
2025-05-12,diesel,ultra_low_sulfur,,3.476
2025-05-19,diesel,ultra_low_sulfur,,3.536
2025-05-26,diesel,ultra_low_sulfur,,3.487
2025-06-02,diesel,ultra_low_sulfur,,3.451
2025-06-09,diesel,ultra_low_sulfur,,3.471
2025-06-16,diesel,ultra_low_sulfur,,3.571
2025-06-23,diesel,ultra_low_sulfur,,3.775
